framenum,TS,NFRAME,SEC,USEC,GPI_LVL,BLK_LVL,FPS
0,1680619500175780,208138,879,106512,0,0,0.014
1,1680619500179737,208139,879,110516,0,0,252.717
2,1680619500183769,208140,879,114523,0,0,248.016
3,1680619500187765,208141,879,118531,0,0,250.250
4,1680619500191769,208142,879,122535,0,0,249.750
5,1680619500195784,208143,879,126542,0,0,249.066
6,1680619500199774,208144,879,130549,0,0,250.627
7,1680619500203785,208145,879,134553,0,0,249.314
8,1680619500207801,208146,879,138560,0,0,249.004
9,1680619500211743,208147,879,142565,0,0,253.678
10,1680619500215714,208148,879,146572,0,0,251.826
11,1680619500219824,208149,879,150579,0,0,243.309
12,1680619500223818,208150,879,154583,0,0,250.376
13,1680619500227859,208151,879,158590,0,0,247.463
14,1680619500231825,208152,879,162597,0,0,252.143
15,1680619500235835,208153,879,166602,0,0,249.377
16,1680619500239851,208154,879,170609,0,0,249.004
17,1680619500243849,208155,879,174616,0,0,250.125
18,1680619500247845,208156,879,178620,0,0,250.250
19,1680619500251886,208157,879,182627,0,0,247.463
20,1680619500255877,208158,879,186634,0,0,250.564
21,1680619500259565,208159,879,190639,0,0,271.150
22,1680619500263887,208160,879,194646,0,0,231.374
23,1680619500267893,208161,879,198653,0,0,249.626
24,1680619500271903,208162,879,202657,0,0,249.377
25,1680619500275890,208163,879,206664,0,0,250.815
26,1680619500279904,208164,879,210671,0,0,249.128
27,1680619500283909,208165,879,214676,0,0,249.688
28,1680619500287919,208166,879,218683,0,0,249.377
29,1680619500291912,208167,879,222690,0,0,250.438
30,1680619500295923,208168,879,226694,0,0,249.314
31,1680619500299929,208169,879,230701,0,0,249.626
32,1680619500303946,208170,879,234706,0,0,248.942
33,1680619500307945,208171,879,238713,0,0,250.063
34,1680619500311902,208172,879,242720,0,0,252.717
35,1680619500315867,208173,879,246724,0,0,252.207
36,1680619500319970,208174,879,250731,0,0,243.724
37,1680619500323976,208175,879,254738,0,0,249.626
38,1680619500328000,208176,879,258743,0,0,248.509
39,1680619500331691,208177,879,262750,0,0,270.929
40,1680619500336007,208178,879,266757,0,0,231.696
41,1680619500340001,208179,879,270761,0,0,250.376
42,1680619500343993,208180,879,274768,0,0,250.501
43,1680619500348017,208181,879,278775,0,0,248.509
44,1680619500352033,208182,879,282780,0,0,249.004
45,1680619500356014,208183,879,286787,0,0,251.193
46,1680619500359701,208184,879,290794,0,0,271.223
47,1680619500364027,208185,879,294798,0,0,231.160
48,1680619500368040,208186,879,298805,0,0,249.190
49,1680619500372042,208187,879,302812,0,0,249.875
50,1680619500376054,208188,879,306817,0,0,249.252
51,1680619500380056,208189,879,310824,0,0,249.875
52,1680619500384062,208190,879,314831,0,0,249.626
53,1680619500388102,208191,879,318835,0,0,247.525
54,1680619500392076,208192,879,322842,0,0,251.636
55,1680619500396084,208193,879,326849,0,0,249.501
56,1680619500400087,208194,879,330854,0,0,249.813
57,1680619500404097,208195,879,334861,0,0,249.377
58,1680619500408097,208196,879,338865,0,0,250.000
59,1680619500412047,208197,879,342872,0,0,253.165
60,1680619500415787,208198,879,346879,0,0,267.380
61,1680619500420120,208199,879,350884,0,0,230.787
62,1680619500424131,208200,879,354891,0,0,249.314
63,1680619500428153,208201,879,358898,0,0,248.633
64,1680619500432128,208202,879,362902,0,0,251.572
65,1680619500436151,208203,879,366909,0,0,248.571
66,1680619500440138,208204,879,370916,0,0,250.815
67,1680619500444161,208205,879,374921,0,0,248.571
68,1680619500448155,208206,879,378928,0,0,250.376
69,1680619500452195,208207,879,382935,0,0,247.525
70,1680619500456179,208208,879,386939,0,0,251.004
71,1680619500459891,208209,879,390946,0,0,269.397
72,1680619500464203,208210,879,394953,0,0,231.911
73,1680619500468204,208211,879,398958,0,0,249.938
74,1680619500472204,208212,879,402965,0,0,250.000
75,1680619500476199,208213,879,406972,0,0,250.313
76,1680619500480217,208214,879,410976,0,0,248.880
77,1680619500484206,208215,879,414983,0,0,250.689
78,1680619500488219,208216,879,418990,0,0,249.190
79,1680619500492693,208217,879,422995,0,0,223.514
80,1680619500495897,208218,879,427002,0,0,312.110
81,1680619500500245,208219,879,431009,0,0,229.991
82,1680619500503914,208220,879,435013,0,0,272.554
83,1680619500508249,208221,879,439020,0,0,230.681
84,1680619500512201,208222,879,443027,0,0,253.036
85,1680619500515992,208223,879,447032,0,0,263.783
86,1680619500520280,208224,879,451039,0,0,233.209
87,1680619500524285,208225,879,455043,0,0,249.688
88,1680619500528318,208226,879,459050,0,0,247.954
89,1680619500532290,208227,879,463057,0,0,251.762
90,1680619500536318,208228,879,467062,0,0,248.262
91,1680619500540318,208229,879,471069,0,0,250.000
92,1680619500544323,208230,879,475076,0,0,249.688
93,1680619500548322,208231,879,479080,0,0,250.063
94,1680619500552340,208232,879,483087,0,0,248.880
95,1680619500556351,208233,879,487094,0,0,249.314
96,1680619500560207,208234,879,491099,0,0,259.336
97,1680619500564357,208235,879,495106,0,0,240.964
98,1680619500568411,208236,879,499113,0,0,246.670
99,1680619500572361,208237,879,503117,0,0,253.165
100,1680619500576404,208238,879,507124,0,0,247.341
101,1680619500580392,208239,879,511131,0,0,250.752
102,1680619500584392,208240,879,515136,0,0,250.000
103,1680619500588387,208241,879,519143,0,0,250.313
104,1680619500592384,208242,879,523150,0,0,250.188
105,1680619500596407,208243,879,527154,0,0,248.571
106,1680619500600407,208244,879,531161,0,0,250.000
107,1680619500604397,208245,879,535168,0,0,250.627
108,1680619500608402,208246,879,539173,0,0,249.688
109,1680619500612418,208247,879,543180,0,0,249.004
110,1680619500616333,208248,879,547187,0,0,255.428
111,1680619500620442,208249,879,551191,0,0,243.368
112,1680619500624458,208250,879,555198,0,0,249.004
113,1680619500628487,208251,879,559203,0,0,248.201
114,1680619500632480,208252,879,563210,0,0,250.438
115,1680619500636462,208253,879,567217,0,0,251.130
116,1680619500640484,208254,879,571221,0,0,248.633
117,1680619500644470,208255,879,575228,0,0,250.878
118,1680619500648484,208256,879,579235,0,0,249.128
119,1680619500652507,208257,879,583240,0,0,248.571
120,1680619500656494,208258,879,587247,0,0,250.815
121,1680619500660483,208259,879,591254,0,0,250.689
122,1680619500664513,208260,879,595258,0,0,248.139
123,1680619500668531,208261,879,599265,0,0,248.880
124,1680619500672528,208262,879,603272,0,0,250.188
125,1680619500676531,208263,879,607277,0,0,249.813
126,1680619500680520,208264,879,611284,0,0,250.689
127,1680619500684537,208265,879,615291,0,0,248.942
128,1680619500688535,208266,879,619295,0,0,250.125
129,1680619500692548,208267,879,623302,0,0,249.190
130,1680619500696555,208268,879,627309,0,0,249.563
131,1680619500700545,208269,879,631314,0,0,250.627
132,1680619500704557,208270,879,635321,0,0,249.252
133,1680619500708555,208271,879,639328,0,0,250.125
134,1680619500712569,208272,879,643332,0,0,249.128
135,1680619500716476,208273,879,647339,0,0,255.951
136,1680619500720590,208274,879,651346,0,0,243.072
137,1680619500724592,208275,879,655351,0,0,249.875
138,1680619500728618,208276,879,659358,0,0,248.385
139,1680619500732620,208277,879,663365,0,0,249.875
140,1680619500736618,208278,879,667369,0,0,250.125
141,1680619500740606,208279,879,671376,0,0,250.752
142,1680619500744620,208280,879,675381,0,0,249.128
143,1680619500748642,208281,879,679388,0,0,248.633
144,1680619500752643,208282,879,683395,0,0,249.938
145,1680619500756645,208283,879,687399,0,0,249.875
146,1680619500760644,208284,879,691406,0,0,250.063
147,1680619500764654,208285,879,695413,0,0,249.377
148,1680619500768682,208286,879,699418,0,0,248.262
149,1680619500772665,208287,879,703425,0,0,251.067
150,1680619500776673,208288,879,707432,0,0,249.501
151,1680619500780680,208289,879,711436,0,0,249.563
152,1680619500784692,208290,879,715443,0,0,249.252
153,1680619500788691,208291,879,719450,0,0,250.063
154,1680619500792695,208292,879,723455,0,0,249.750
155,1680619500796699,208293,879,727462,0,0,249.750
156,1680619500800701,208294,879,731469,0,0,249.875
157,1680619500804709,208295,879,735473,0,0,249.501
158,1680619500808713,208296,879,739480,0,0,249.750
159,1680619500812716,208297,879,743487,0,0,249.813
160,1680619500816637,208298,879,747492,0,0,255.037
161,1680619500820729,208299,879,751499,0,0,244.379
162,1680619500824767,208300,879,755506,0,0,247.647
163,1680619500828765,208301,879,759510,0,0,250.125
164,1680619500832665,208302,879,763517,0,0,256.410
165,1680619500836762,208303,879,767524,0,0,244.081
166,1680619500840772,208304,879,771529,0,0,249.377
167,1680619500844773,208305,879,775536,0,0,249.938
168,1680619500848772,208306,879,779540,0,0,250.063
169,1680619500852802,208307,879,783547,0,0,248.139
170,1680619500856807,208308,879,787554,0,0,249.688
171,1680619500860794,208309,879,791558,0,0,250.815
172,1680619500864807,208310,879,795566,0,0,249.190
173,1680619500868833,208311,879,799573,0,0,248.385
174,1680619500872810,208312,879,803577,0,0,251.446
175,1680619500876820,208313,879,807584,0,0,249.377
176,1680619500880826,208314,879,811591,0,0,249.626
177,1680619500884838,208315,879,815595,0,0,249.252
178,1680619500888838,208316,879,819603,0,0,250.000
179,1680619500892524,208317,879,823610,0,0,271.297
180,1680619500896867,208318,879,827614,0,0,230.256
181,1680619500900853,208319,879,831621,0,0,250.878
182,1680619500904864,208320,879,835628,0,0,249.314
183,1680619500908879,208321,879,839632,0,0,249.066
184,1680619500912765,208322,879,843640,0,0,257.334
185,1680619500916541,208323,879,847647,0,0,264.831
186,1680619500920844,208324,879,851651,0,0,232.396
187,1680619500924565,208325,879,855658,0,0,268.745
188,1680619500928802,208326,879,859665,0,0,236.016
189,1680619500932580,208327,879,863669,0,0,264.690
190,1680619500936520,208328,879,867677,0,0,253.807
191,1680619500940508,208329,879,871684,0,0,250.752
192,1680619500944502,208330,879,875688,0,0,250.376
193,1680619500948537,208331,879,879695,0,0,247.831
194,1680619500952544,208332,879,883702,0,0,249.563
195,1680619500956543,208333,879,887706,0,0,250.063
196,1680619500960532,208334,879,891714,0,0,250.689
197,1680619500964574,208335,879,895718,0,0,247.402
198,1680619500968536,208336,879,899725,0,0,252.398
199,1680619500972564,208337,879,903732,0,0,248.262
200,1680619500976554,208338,879,907736,0,0,250.627
201,1680619500980563,208339,879,911743,0,0,249.439
202,1680619500984580,208340,879,915751,0,0,248.942
203,1680619500988584,208341,879,919755,0,0,249.750
204,1680619500992995,208342,879,923762,0,0,226.706
205,1680619500996884,208343,879,927769,0,0,257.136
206,1680619501000875,208344,879,931773,0,0,250.564
207,1680619501004997,208345,879,935780,0,0,242.601
208,1680619501009002,208346,879,939788,0,0,249.688
209,1680619501012991,208347,879,943792,0,0,250.689
210,1680619501017056,208348,879,947799,0,0,246.002
211,1680619501021045,208349,879,951806,0,0,250.689
212,1680619501025050,208350,879,955810,0,0,249.688
213,1680619501029089,208351,879,959817,0,0,247.586
214,1680619501033076,208352,879,963825,0,0,250.815
215,1680619501037070,208353,879,967829,0,0,250.376
216,1680619501041071,208354,879,971836,0,0,249.938
217,1680619501045090,208355,879,975843,0,0,248.818
218,1680619501049097,208356,879,979847,0,0,249.563
219,1680619501052905,208357,879,983854,0,0,262.605
220,1680619501057126,208358,879,987862,0,0,236.911
221,1680619501061033,208359,879,991866,0,0,255.951
222,1680619501065041,208360,879,995873,0,0,249.501
223,1680619501069067,208361,879,999880,0,0,248.385
224,1680619501073050,208362,880,3884,0,0,251.067
225,1680619501076834,208363,880,7891,0,0,264.271
226,1680619501080820,208364,880,11896,0,0,250.878
227,1680619501084820,208365,880,15903,0,0,250.000
228,1680619501088809,208366,880,19910,0,0,250.689
229,1680619501092819,208367,880,23914,0,0,249.377
230,1680619501096810,208368,880,27921,0,0,250.564
231,1680619501100806,208369,880,31928,0,0,250.250
232,1680619501104818,208370,880,35933,0,0,249.252
233,1680619501108822,208371,880,39940,0,0,249.750
234,1680619501112826,208372,880,43947,0,0,249.750
235,1680619501116839,208373,880,47951,0,0,249.190
236,1680619501120844,208374,880,51958,0,0,249.688
237,1680619501124854,208375,880,55965,0,0,249.377
238,1680619501128861,208376,880,59970,0,0,249.563
239,1680619501132875,208377,880,63977,0,0,249.128
240,1680619501136937,208378,880,67984,0,0,246.184
241,1680619501140927,208379,880,71988,0,0,250.627
242,1680619501144908,208380,880,75995,0,0,251.193
243,1680619501148886,208381,880,80002,0,0,251.383
244,1680619501152920,208382,880,84007,0,0,247.893
245,1680619501157124,208383,880,88014,0,0,237.869
246,1680619501160941,208384,880,92021,0,0,261.986
247,1680619501164918,208385,880,96025,0,0,251.446
248,1680619501168954,208386,880,100032,0,0,247.770
249,1680619501172937,208387,880,104039,0,0,251.067
250,1680619501176949,208388,880,108044,0,0,249.252
251,1680619501180943,208389,880,112051,0,0,250.376
252,1680619501184940,208390,880,116058,0,0,250.188
253,1680619501188945,208391,880,120062,0,0,249.688
254,1680619501192958,208392,880,124069,0,0,249.190
255,1680619501196944,208393,880,128074,0,0,250.878
256,1680619501200966,208394,880,132081,0,0,248.633
257,1680619501204957,208395,880,136088,0,0,250.564
258,1680619501208955,208396,880,140092,0,0,250.125
259,1680619501212991,208397,880,144099,0,0,247.770
260,1680619501217002,208398,880,148106,0,0,249.314
261,1680619501220997,208399,880,152111,0,0,250.313
262,1680619501225020,208400,880,156118,0,0,248.571
263,1680619501229023,208401,880,160125,0,0,249.813
264,1680619501233020,208402,880,164129,0,0,250.188
265,1680619501237026,208403,880,168136,0,0,249.626
266,1680619501241031,208404,880,172143,0,0,249.688
267,1680619501245037,208405,880,176148,0,0,249.626
268,1680619501249038,208406,880,180155,0,0,249.938
269,1680619501253044,208407,880,184162,0,0,249.626
270,1680619501257053,208408,880,188166,0,0,249.439
271,1680619501261067,208409,880,192173,0,0,249.128
272,1680619501265078,208410,880,196180,0,0,249.314
273,1680619501269101,208411,880,200185,0,0,248.571
274,1680619501273078,208412,880,204192,0,0,251.446
275,1680619501277084,208413,880,208199,0,0,249.626
276,1680619501281100,208414,880,212203,0,0,249.004
277,1680619501285104,208415,880,216210,0,0,249.750
278,1680619501289104,208416,880,220217,0,0,250.000
279,1680619501293108,208417,880,224222,0,0,249.750
280,1680619501297112,208418,880,228229,0,0,249.750
281,1680619501301104,208419,880,232233,0,0,250.501
282,1680619501305137,208420,880,236240,0,0,247.954
283,1680619501309135,208421,880,240247,0,0,250.125
284,1680619501313147,208422,880,244252,0,0,249.252
285,1680619501317152,208423,880,248259,0,0,249.688
286,1680619501321155,208424,880,252266,0,0,249.813
287,1680619501325155,208425,880,256270,0,0,250.000
288,1680619501329165,208426,880,260277,0,0,249.377
289,1680619501333184,208427,880,264284,0,0,248.818
290,1680619501337174,208428,880,268289,0,0,250.627
291,1680619501341181,208429,880,272296,0,0,249.563
292,1680619501345187,208430,880,276303,0,0,249.626
293,1680619501349425,208431,880,280307,0,0,235.960
294,1680619501353244,208432,880,284314,0,0,261.849
295,1680619501357222,208433,880,288321,0,0,251.383
296,1680619501361226,208434,880,292326,0,0,249.750
297,1680619501365471,208435,880,296333,0,0,235.571
298,1680619501369267,208436,880,300340,0,0,263.435
299,1680619501373235,208437,880,304344,0,0,252.016
300,1680619501377255,208438,880,308351,0,0,248.756
301,1680619501381503,208439,880,312358,0,0,235.405
302,1680619501385253,208440,880,316363,0,0,266.667
303,1680619501389246,208441,880,320370,0,0,250.438
304,1680619501393516,208442,880,324374,0,0,234.192
305,1680619501397295,208443,880,328381,0,0,264.620
306,1680619501401531,208444,880,332388,0,0,236.072
307,1680619501405301,208445,880,336393,0,0,265.252
308,1680619501409299,208446,880,340400,0,0,250.125
309,1680619501413552,208447,880,344407,0,0,235.128
310,1680619501417333,208448,880,348411,0,0,264.480
311,1680619501421557,208449,880,352418,0,0,236.742
312,1680619501425339,208450,880,356425,0,0,264.410
313,1680619501429564,208451,880,360430,0,0,236.686
314,1680619501433357,208452,880,364437,0,0,263.644
315,1680619501437328,208453,880,368444,0,0,251.826
316,1680619501441337,208454,880,372448,0,0,249.439
317,1680619501445347,208455,880,376455,0,0,249.377
318,1680619501449350,208456,880,380462,0,0,249.813
319,1680619501453351,208457,880,384467,0,0,249.938
320,1680619501457610,208458,880,388474,0,0,234.797
321,1680619501461393,208459,880,392481,0,0,264.340
322,1680619501465627,208460,880,396485,0,0,236.183
323,1680619501469434,208461,880,400492,0,0,262.674
324,1680619501473644,208462,880,404499,0,0,237.530
325,1680619501477418,208463,880,408504,0,0,264.971
326,1680619501481652,208464,880,412511,0,0,236.183
327,1680619501485437,208465,880,416515,0,0,264.201
328,1680619501489665,208466,880,420522,0,0,236.518
329,1680619501493960,208467,880,424529,0,0,232.829
330,1680619501497654,208468,880,428534,0,0,270.709
331,1680619501501434,208469,880,432541,0,0,264.550
332,1680619501505672,208470,880,436548,0,0,235.960
333,1680619501509681,208471,880,440552,0,0,249.439
334,1680619501513674,208472,880,444559,0,0,250.438
335,1680619501517723,208473,880,448566,0,0,246.975
336,1680619501521724,208474,880,452571,0,0,249.938
337,1680619501525857,208475,880,456578,0,0,241.955
338,1680619501529734,208476,880,460585,0,0,257.931
339,1680619501533883,208477,880,464589,0,0,241.022
340,1680619501537741,208478,880,468596,0,0,259.202
341,1680619501541895,208479,880,472603,0,0,240.732
342,1680619501545756,208480,880,476608,0,0,259.000
343,1680619501549907,208481,880,480615,0,0,240.906
344,1680619501553562,208482,880,484622,0,0,273.598
345,1680619501557907,208483,880,488626,0,0,230.150
346,1680619501561782,208484,880,492633,0,0,258.065
347,1680619501565937,208485,880,496640,0,0,240.674
348,1680619501569847,208486,880,500645,0,0,255.754
349,1680619501573938,208487,880,504652,0,0,244.439
350,1680619501577834,208488,880,508656,0,0,256.674
351,1680619501581952,208489,880,512663,0,0,242.836
352,1680619501585876,208490,880,516670,0,0,254.842
353,1680619501589955,208491,880,520675,0,0,245.158
354,1680619501593865,208492,880,524682,0,0,255.754
355,1680619501597987,208493,880,528689,0,0,242.601
356,1680619501601884,208494,880,532693,0,0,256.608
357,1680619501605982,208495,880,536700,0,0,244.021
358,1680619501609888,208496,880,540707,0,0,256.016
359,1680619501613896,208497,880,544712,0,0,249.501
360,1680619501617901,208498,880,548719,0,0,249.688
361,1680619501622015,208499,880,552726,0,0,243.072
362,1680619501625912,208500,880,556730,0,0,256.608
363,1680619501630016,208501,880,560737,0,0,243.665
364,1680619501633924,208502,880,564744,0,0,255.885
365,1680619501638038,208503,880,568749,0,0,243.072
366,1680619501641935,208504,880,572756,0,0,256.608
367,1680619501646039,208505,880,576763,0,0,243.665
368,1680619501649960,208506,880,580767,0,0,255.037
369,1680619501654050,208507,880,584774,0,0,244.499
370,1680619501657955,208508,880,588781,0,0,256.082
371,1680619501662060,208509,880,592786,0,0,243.605
372,1680619501665967,208510,880,596793,0,0,255.951
373,1680619501670076,208511,880,600797,0,0,243.368
374,1680619501673976,208512,880,604804,0,0,256.410
375,1680619501678091,208513,880,608811,0,0,243.013
376,1680619501681988,208514,880,612815,0,0,256.608
377,1680619501686121,208515,880,616823,0,0,241.955
378,1680619501690014,208516,880,620830,0,0,256.871
379,1680619501694112,208517,880,624834,0,0,244.021
380,1680619501698014,208518,880,628841,0,0,256.279
381,1680619501702108,208519,880,632848,0,0,244.260
382,1680619501706029,208520,880,636852,0,0,255.037
383,1680619501710126,208521,880,640860,0,0,244.081
384,1680619501714038,208522,880,644867,0,0,255.624
385,1680619501718067,208523,880,648871,0,0,248.201
386,1680619501722045,208524,880,652878,0,0,251.383
387,1680619501726151,208525,880,656885,0,0,243.546
388,1680619501730054,208526,880,660889,0,0,256.213
389,1680619501734172,208527,880,664897,0,0,242.836
390,1680619501738072,208528,880,668904,0,0,256.410
391,1680619501742185,208529,880,672908,0,0,243.132
392,1680619501746075,208530,880,676915,0,0,257.069
393,1680619501750181,208531,880,680922,0,0,243.546
394,1680619501753863,208532,880,684926,0,0,271.592
395,1680619501758199,208533,880,688934,0,0,230.627
396,1680619501762112,208534,880,692941,0,0,255.558
397,1680619501766231,208535,880,696945,0,0,242.777
398,1680619501770123,208536,880,700952,0,0,256.937
399,1680619501774216,208537,880,704956,0,0,244.320
400,1680619501778159,208538,880,708963,0,0,253.614
401,1680619501782221,208539,880,712971,0,0,246.184
402,1680619501786153,208540,880,716975,0,0,254.323
403,1680619501790242,208541,880,720982,0,0,244.559
404,1680619501794157,208542,880,724989,0,0,255.428
405,1680619501798260,208543,880,728993,0,0,243.724
406,1680619501802167,208544,880,733000,0,0,255.951
407,1680619501806270,208545,880,737008,0,0,243.724
408,1680619501810176,208546,880,741012,0,0,256.016
409,1680619501814214,208547,880,745019,0,0,247.647
410,1680619501818208,208548,880,749026,0,0,250.376
411,1680619501821985,208549,880,753030,0,0,264.760
412,1680619501826212,208550,880,757037,0,0,236.574
413,1680619501830296,208551,880,761045,0,0,244.858
414,1680619501834188,208552,880,765049,0,0,256.937
415,1680619501838308,208553,880,769056,0,0,242.718
416,1680619501842230,208554,880,773063,0,0,254.972
417,1680619501846331,208555,880,777067,0,0,243.843
418,1680619501850249,208556,880,781074,0,0,255.232
419,1680619501854351,208557,880,785082,0,0,243.784
420,1680619501858249,208558,880,789086,0,0,256.542
421,1680619501862352,208559,880,793093,0,0,243.724
422,1680619501866264,208560,880,797097,0,0,255.624
423,1680619501870375,208561,880,801104,0,0,243.250
424,1680619501874280,208562,880,805111,0,0,256.082
425,1680619501878390,208563,880,809116,0,0,243.309
426,1680619501882276,208564,880,813123,0,0,257.334
427,1680619501886404,208565,880,817130,0,0,242.248
428,1680619501890295,208566,880,821134,0,0,257.003
429,1680619501894400,208567,880,825141,0,0,243.605
430,1680619501898302,208568,880,829148,0,0,256.279
431,1680619501902412,208569,880,833153,0,0,243.309
432,1680619501906315,208570,880,837160,0,0,256.213
433,1680619501910421,208571,880,841167,0,0,243.546
434,1680619501914339,208572,880,845171,0,0,255.232
435,1680619501918329,208573,880,849178,0,0,250.627
436,1680619501922337,208574,880,853185,0,0,249.501
437,1680619501926457,208575,880,857190,0,0,242.718
438,1680619501930350,208576,880,861197,0,0,256.871
439,1680619501934464,208577,880,865204,0,0,243.072
440,1680619501938365,208578,880,869208,0,0,256.345
441,1680619501942477,208579,880,873215,0,0,243.191
442,1680619501946363,208580,880,877222,0,0,257.334
443,1680619501950488,208581,880,881227,0,0,242.424
444,1680619501954385,208582,880,885234,0,0,256.608
445,1680619501958494,208583,880,889238,0,0,243.368
446,1680619501962410,208584,880,893245,0,0,255.363
447,1680619501966513,208585,880,897252,0,0,243.724
448,1680619501970438,208586,880,901257,0,0,254.777
449,1680619501974540,208587,880,905264,0,0,243.784
450,1680619501978446,208588,880,909271,0,0,256.016
451,1680619501982543,208589,880,913275,0,0,244.081
452,1680619501986487,208590,880,917282,0,0,253.550
453,1680619501990599,208591,880,921289,0,0,243.191
454,1680619501994824,208592,880,925294,0,0,236.686
455,1680619501998564,208593,880,929301,0,0,267.380
456,1680619502002255,208594,880,933308,0,0,270.929
457,1680619502006517,208595,880,937312,0,0,234.632
458,1680619502010262,208596,880,941319,0,0,267.023
459,1680619502014530,208597,880,945326,0,0,234.302
460,1680619502018288,208598,880,949331,0,0,266.099
461,1680619502022519,208599,880,953338,0,0,236.351
462,1680619502026521,208600,880,957345,0,0,249.875
463,1680619502030631,208601,880,961349,0,0,243.309
464,1680619502034516,208602,880,965356,0,0,257.400
465,1680619502038636,208603,880,969363,0,0,242.718
466,1680619502042528,208604,880,973368,0,0,256.937
467,1680619502046650,208605,880,977375,0,0,242.601
468,1680619502050550,208606,880,981379,0,0,256.410
469,1680619502054472,208607,880,985386,0,0,254.972
470,1680619502058537,208608,880,989393,0,0,246.002
471,1680619502062537,208609,880,993398,0,0,250.000
472,1680619502066535,208610,880,997405,0,0,250.125
473,1680619502070580,208611,881,1412,0,0,247.219
474,1680619502074549,208612,881,5416,0,0,251.953
475,1680619502078562,208613,881,9423,0,0,249.190
476,1680619502082577,208614,881,13430,0,0,249.066
477,1680619502086384,208615,881,17435,0,0,262.674
478,1680619502090590,208616,881,21442,0,0,237.756
479,1680619502094362,208617,881,25449,0,0,265.111
480,1680619502098623,208618,881,29453,0,0,234.687
481,1680619502102351,208619,881,33460,0,0,268.240
482,1680619502106616,208620,881,37467,0,0,234.467
483,1680619502110365,208621,881,41472,0,0,266.738
484,1680619502114646,208622,881,45479,0,0,233.590
485,1680619502118396,208623,881,49486,0,0,266.667
486,1680619502122643,208624,881,53490,0,0,235.460
487,1680619502126387,208625,881,57497,0,0,267.094
488,1680619502130669,208626,881,61504,0,0,233.536
489,1680619502134433,208627,881,65509,0,0,265.675
490,1680619502138476,208628,881,69516,0,0,247.341
491,1680619502142758,208629,881,73520,0,0,233.536
492,1680619502146461,208630,881,77527,0,0,270.051
493,1680619502150468,208631,881,81534,0,0,249.563
494,1680619502154471,208632,881,85539,0,0,249.813
495,1680619502158904,208633,881,89546,0,0,225.581
496,1680619502162499,208634,881,93553,0,0,278.164
497,1680619502166514,208635,881,97557,0,0,249.066
498,1680619502170446,208636,881,101564,0,0,254.323
499,1680619502174391,208637,881,105571,0,0,253.485
500,1680619502177931,208638,881,109576,0,0,282.486
501,1680619502182172,208639,881,113583,0,0,235.793
502,1680619502186248,208640,881,117590,0,0,245.339
503,1680619502190177,208641,881,121594,0,0,254.518
504,1680619502194162,208642,881,125601,0,0,250.941
505,1680619502198190,208643,881,129608,0,0,248.262
506,1680619502202216,208644,881,133613,0,0,248.385
507,1680619502206220,208645,881,137620,0,0,249.750
508,1680619502210281,208646,881,141627,0,0,246.245
509,1680619502214388,208647,881,145631,0,0,243.487
510,1680619502218295,208648,881,149638,0,0,255.951
511,1680619502222301,208649,881,153645,0,0,249.626
512,1680619502226295,208650,881,157650,0,0,250.376
513,1680619502230483,208651,881,161657,0,0,238.777
514,1680619502234573,208652,881,165664,0,0,244.499
515,1680619502238579,208653,881,169668,0,0,249.626
516,1680619502242587,208654,881,173675,0,0,249.501
517,1680619502246588,208655,881,177680,0,0,249.938
518,1680619502250594,208656,881,181687,0,0,249.626
519,1680619502254605,208657,881,185694,0,0,249.314
520,1680619502258605,208658,881,189698,0,0,250.000
521,1680619502262608,208659,881,193705,0,0,249.813
522,1680619502266616,208660,881,197712,0,0,249.501
523,1680619502270625,208661,881,201717,0,0,249.439
524,1680619502274632,208662,881,205724,0,0,249.563
525,1680619502278633,208663,881,209731,0,0,249.938
526,1680619502282641,208664,881,213735,0,0,249.501
527,1680619502286677,208665,881,217742,0,0,247.770
528,1680619502290652,208666,881,221749,0,0,251.572
529,1680619502294660,208667,881,225754,0,0,249.501
530,1680619502298672,208668,881,229761,0,0,249.252
531,1680619502302664,208669,881,233768,0,0,250.501
532,1680619502306663,208670,881,237772,0,0,250.063
533,1680619502310673,208671,881,241779,0,0,249.377
534,1680619502314686,208672,881,245786,0,0,249.190
535,1680619502318709,208673,881,249791,0,0,248.571
536,1680619502322708,208674,881,253798,0,0,250.063
537,1680619502326715,208675,881,257805,0,0,249.563
538,1680619502330716,208676,881,261809,0,0,249.938
539,1680619502334725,208677,881,265816,0,0,249.439
540,1680619502338723,208678,881,269821,0,0,250.125
541,1680619502342733,208679,881,273828,0,0,249.377
542,1680619502346739,208680,881,277835,0,0,249.626
543,1680619502350745,208681,881,281839,0,0,249.626
544,1680619502354749,208682,881,285846,0,0,249.750
545,1680619502358762,208683,881,289853,0,0,249.190
546,1680619502362755,208684,881,293858,0,0,250.438
547,1680619502366764,208685,881,297865,0,0,249.439
548,1680619502370769,208686,881,301872,0,0,249.688
549,1680619502374769,208687,881,305876,0,0,250.000
550,1680619502378764,208688,881,309883,0,0,250.313
551,1680619502382764,208689,881,313890,0,0,250.000
552,1680619502386792,208690,881,317895,0,0,248.262
553,1680619502390763,208691,881,321902,0,0,251.826
554,1680619502394774,208692,881,325909,0,0,249.314
555,1680619502398817,208693,881,329913,0,0,247.341
556,1680619502402817,208694,881,333920,0,0,250.000
557,1680619502406829,208695,881,337927,0,0,249.252
558,1680619502410817,208696,881,341932,0,0,250.752
559,1680619502414824,208697,881,345939,0,0,249.563
560,1680619502418836,208698,881,349946,0,0,249.252
561,1680619502422858,208699,881,353950,0,0,248.633
562,1680619502426859,208700,881,357957,0,0,249.938
563,1680619502430858,208701,881,361961,0,0,250.063
564,1680619502434857,208702,881,365969,0,0,250.063
565,1680619502438879,208703,881,369976,0,0,248.633
566,1680619502442869,208704,881,373980,0,0,250.627
567,1680619502446878,208705,881,377987,0,0,249.439
568,1680619502450871,208706,881,381994,0,0,250.438
569,1680619502454897,208707,881,385998,0,0,248.385
570,1680619502458882,208708,881,390006,0,0,250.941
571,1680619502462914,208709,881,394013,0,0,248.016
572,1680619502466904,208710,881,398017,0,0,250.627
573,1680619502470906,208711,881,402024,0,0,249.875
574,1680619502474896,208712,881,406031,0,0,250.627
575,1680619502478925,208713,881,410035,0,0,248.201
576,1680619502482917,208714,881,414043,0,0,250.501
577,1680619502486961,208715,881,418050,0,0,247.280
578,1680619502490936,208716,881,422054,0,0,251.572
579,1680619502495480,208717,881,426061,0,0,220.070
580,1680619502498913,208718,881,430068,0,0,291.290
581,1680619502502933,208719,881,434072,0,0,248.756
582,1680619502506925,208720,881,438080,0,0,250.501
583,1680619502510932,208721,881,442087,0,0,249.563
584,1680619502514938,208722,881,446091,0,0,249.626
585,1680619502518947,208723,881,450098,0,0,249.439
586,1680619502522954,208724,881,454102,0,0,249.563
587,1680619502526964,208725,881,458109,0,0,249.377
588,1680619502530962,208726,881,462117,0,0,250.125
589,1680619502534969,208727,881,466121,0,0,249.563
590,1680619502538985,208728,881,470128,0,0,249.004
591,1680619502542988,208729,881,474135,0,0,249.813
592,1680619502546985,208730,881,478139,0,0,250.188
593,1680619502550992,208731,881,482146,0,0,249.563
594,1680619502555300,208732,881,486154,0,0,232.126
595,1680619502559262,208733,881,490158,0,0,252.398
596,1680619502563359,208734,881,494165,0,0,244.081
597,1680619502567374,208735,881,498172,0,0,249.066
598,1680619502571372,208736,881,502176,0,0,250.125
599,1680619502575379,208737,881,506183,0,0,249.563
600,1680619502579450,208738,881,510191,0,0,245.640
601,1680619502583440,208739,881,514195,0,0,250.627
602,1680619502587394,208740,881,518202,0,0,252.908
603,1680619502591130,208741,881,522209,0,0,267.666
604,1680619502595124,208742,881,526213,0,0,250.376
605,1680619502599072,208743,881,530220,0,0,253.293
606,1680619502603078,208744,881,534228,0,0,249.626
607,1680619502607098,208745,881,538232,0,0,248.756
608,1680619502611089,208746,881,542239,0,0,250.564
609,1680619502615094,208747,881,546243,0,0,249.688
610,1680619502619098,208748,881,550250,0,0,249.750
611,1680619502623111,208749,881,554257,0,0,249.190
612,1680619502627106,208750,881,558262,0,0,250.313
613,1680619502631131,208751,881,562269,0,0,248.447
614,1680619502635122,208752,881,566276,0,0,250.564
615,1680619502639126,208753,881,570280,0,0,249.750
616,1680619502643150,208754,881,574287,0,0,248.509
617,1680619502647145,208755,881,578294,0,0,250.313
618,1680619502651150,208756,881,582299,0,0,249.688
619,1680619502655449,208757,881,586306,0,0,232.612
620,1680619502659419,208758,881,590313,0,0,251.889
621,1680619502663541,208759,881,594317,0,0,242.601
622,1680619502667567,208760,881,598324,0,0,248.385
623,1680619502671572,208761,881,602331,0,0,249.688
624,1680619502675581,208762,881,606336,0,0,249.439
625,1680619502679587,208763,881,610343,0,0,249.626
626,1680619502683595,208764,881,614350,0,0,249.501
627,1680619502687630,208765,881,618354,0,0,247.831
628,1680619502691603,208766,881,622361,0,0,251.699
629,1680619502695296,208767,881,626368,0,0,270.783
630,1680619502699283,208768,881,630373,0,0,250.815
631,1680619502703306,208769,881,634380,0,0,248.571
632,1680619502707275,208770,881,638387,0,0,251.953
633,1680619502711236,208771,881,642391,0,0,252.461
634,1680619502715256,208772,881,646398,0,0,248.756
635,1680619502719255,208773,881,650403,0,0,250.063
636,1680619502723265,208774,881,654410,0,0,249.377
637,1680619502727257,208775,881,658417,0,0,250.501
638,1680619502731272,208776,881,662421,0,0,249.066
639,1680619502735295,208777,881,666428,0,0,248.571
640,1680619502739289,208778,881,670435,0,0,250.376
641,1680619502743287,208779,881,674440,0,0,250.125
642,1680619502747292,208780,881,678447,0,0,249.688
643,1680619502751297,208781,881,682454,0,0,249.688
644,1680619502755582,208782,881,686458,0,0,233.372
645,1680619502759563,208783,881,690465,0,0,251.193
646,1680619502763666,208784,881,694472,0,0,243.724
647,1680619502767737,208785,881,698477,0,0,245.640
648,1680619502771740,208786,881,702484,0,0,249.813
649,1680619502775733,208787,881,706491,0,0,250.438
650,1680619502779736,208788,881,710495,0,0,249.813
651,1680619502783747,208789,881,714502,0,0,249.314
652,1680619502787423,208790,881,718509,0,0,272.035
653,1680619502791442,208791,881,722514,0,0,248.818
654,1680619502795377,208792,881,726521,0,0,254.130
655,1680619502799375,208793,881,730528,0,0,250.125
656,1680619502803378,208794,881,734532,0,0,249.813
657,1680619502807365,208795,881,738539,0,0,250.815
658,1680619502811745,208796,881,742544,0,0,228.311
659,1680619502815418,208797,881,746551,0,0,272.257
660,1680619502819674,208798,881,750558,0,0,234.962
661,1680619502823474,208799,881,754562,0,0,263.158
662,1680619502827744,208800,881,758569,0,0,234.192
663,1680619502831772,208801,881,762576,0,0,248.262
664,1680619502835776,208802,881,766581,0,0,249.750
665,1680619502839782,208803,881,770588,0,0,249.626
666,1680619502843781,208804,881,774595,0,0,250.063
667,1680619502847782,208805,881,778599,0,0,249.938
668,1680619502851799,208806,881,782606,0,0,248.942
669,1680619502855792,208807,881,786613,0,0,250.438
670,1680619502859818,208808,881,790618,0,0,248.385
671,1680619502863812,208809,881,794625,0,0,250.376
672,1680619502867808,208810,881,798632,0,0,250.250
673,1680619502871828,208811,881,802636,0,0,248.756
674,1680619502875837,208812,881,806643,0,0,249.439
675,1680619502879837,208813,881,810650,0,0,250.000
676,1680619502883840,208814,881,814655,0,0,249.813
677,1680619502887847,208815,881,818662,0,0,249.563
678,1680619502891843,208816,881,822669,0,0,250.250
679,1680619502895534,208817,881,826673,0,0,270.929
680,1680619502899822,208818,881,830680,0,0,233.209
681,1680619502903884,208819,881,834687,0,0,246.184
682,1680619502907601,208820,881,838692,0,0,269.034
683,1680619502911955,208821,881,842699,0,0,229.674
684,1680619502915963,208822,881,846703,0,0,249.501
685,1680619502919953,208823,881,850710,0,0,250.627
686,1680619502923872,208824,881,854717,0,0,255.167
687,1680619502927642,208825,881,858722,0,0,265.252
688,1680619502931649,208826,881,862729,0,0,249.563
689,1680619502935619,208827,881,866736,0,0,251.889
690,1680619502939627,208828,881,870740,0,0,249.501
691,1680619502943631,208829,881,874747,0,0,249.750
692,1680619502947649,208830,881,878754,0,0,248.880
693,1680619502951632,208831,881,882759,0,0,251.067
694,1680619502955923,208832,881,886766,0,0,233.046
695,1680619502959671,208833,881,890773,0,0,266.809
696,1680619502964032,208834,881,894777,0,0,229.305
697,1680619502968006,208835,881,898784,0,0,251.636
698,1680619502972003,208836,881,902791,0,0,250.188
699,1680619502976022,208837,881,906796,0,0,248.818
700,1680619502980027,208838,881,910803,0,0,249.688
701,1680619502984038,208839,881,914810,0,0,249.314
702,1680619502988054,208840,881,918814,0,0,249.004
703,1680619502991720,208841,881,922821,0,0,272.777
704,1680619502996196,208842,881,926828,0,0,223.414
705,1680619502999698,208843,881,930833,0,0,285.551
706,1680619503003714,208844,881,934840,0,0,249.004
707,1680619503007718,208845,881,938844,0,0,249.750
708,1680619503011699,208846,881,942851,0,0,251.193
709,1680619503015734,208847,881,946858,0,0,247.831
710,1680619503019736,208848,881,950863,0,0,249.875
711,1680619503023753,208849,881,954870,0,0,248.942
712,1680619503027744,208850,881,958877,0,0,250.564
713,1680619503031757,208851,881,962881,0,0,249.190
714,1680619503035764,208852,881,966888,0,0,249.563
715,1680619503039761,208853,881,970895,0,0,250.188
716,1680619503043765,208854,881,974900,0,0,249.750
717,1680619503048025,208855,881,978907,0,0,234.742
718,1680619503051808,208856,881,982914,0,0,264.340
719,1680619503056141,208857,881,986918,0,0,230.787
720,1680619503059818,208858,881,990925,0,0,271.961
721,1680619503064143,208859,881,994932,0,0,231.214
722,1680619503068146,208860,881,998937,0,0,249.813
723,1680619503072167,208861,882,2944,0,0,248.694
724,1680619503076196,208862,882,6951,0,0,248.201
725,1680619503080199,208863,882,10955,0,0,249.813
726,1680619503084204,208864,882,14962,0,0,249.688
727,1680619503088210,208865,882,18969,0,0,249.626
728,1680619503091889,208866,882,22974,0,0,271.813
729,1680619503095901,208867,882,26981,0,0,249.252
730,1680619503099894,208868,882,30988,0,0,250.438
731,1680619503103894,208869,882,34992,0,0,250.000
732,1680619503107869,208870,882,38999,0,0,251.572
733,1680619503111878,208871,882,43004,0,0,249.439
734,1680619503115888,208872,882,47011,0,0,249.377
735,1680619503119880,208873,882,51018,0,0,250.501
736,1680619503123909,208874,882,55022,0,0,248.201
737,1680619503127888,208875,882,59029,0,0,251.319
738,1680619503131905,208876,882,63036,0,0,248.942
739,1680619503135966,208877,882,67041,0,0,246.245
740,1680619503140010,208878,882,71048,0,0,247.280
741,1680619503144011,208879,882,75055,0,0,249.938
742,1680619503147938,208880,882,79059,0,0,254.647
743,1680619503151901,208881,882,83066,0,0,252.334
744,1680619503156022,208882,882,87073,0,0,242.660
745,1680619503159998,208883,882,91078,0,0,251.509
746,1680619503164308,208884,882,95085,0,0,232.019
747,1680619503168075,208885,882,99092,0,0,265.463
748,1680619503172029,208886,882,103096,0,0,252.908
749,1680619503176040,208887,882,107103,0,0,249.314
750,1680619503180324,208888,882,111110,0,0,233.427
751,1680619503184160,208889,882,115115,0,0,260.688
752,1680619503188273,208890,882,119122,0,0,243.132
753,1680619503192236,208891,882,123129,0,0,252.334
754,1680619503196357,208892,882,127133,0,0,242.660
755,1680619503200231,208893,882,131140,0,0,258.131
756,1680619503204390,208894,882,135147,0,0,240.442
757,1680619503208228,208895,882,139152,0,0,260.552
758,1680619503212214,208896,882,143159,0,0,250.878
759,1680619503216262,208897,882,147163,0,0,247.036
760,1680619503220418,208898,882,151170,0,0,240.616
761,1680619503224293,208899,882,155177,0,0,258.065
762,1680619503228076,208900,882,159181,0,0,264.340
763,1680619503232238,208901,882,163189,0,0,240.269
764,1680619503236425,208902,882,167196,0,0,238.834
765,1680619503240332,208903,882,171200,0,0,255.951
766,1680619503244110,208904,882,175207,0,0,264.690
767,1680619503248307,208905,882,179214,0,0,238.265
768,1680619503252123,208906,882,183218,0,0,262.055
769,1680619503256108,208907,882,187226,0,0,250.941
770,1680619503260200,208908,882,191233,0,0,244.379
771,1680619503264131,208909,882,195237,0,0,254.388
772,1680619503268487,208910,882,199244,0,0,229.568
773,1680619503272382,208911,882,203251,0,0,256.739
774,1680619503276147,208912,882,207255,0,0,265.604
775,1680619503280161,208913,882,211263,0,0,249.128
776,1680619503284150,208914,882,215270,0,0,250.689
777,1680619503288170,208915,882,219274,0,0,248.756
778,1680619503292156,208916,882,223281,0,0,250.878
779,1680619503296168,208917,882,227288,0,0,249.252
780,1680619503300170,208918,882,231292,0,0,249.875
781,1680619503304210,208919,882,235300,0,0,247.525
782,1680619503308171,208920,882,239304,0,0,252.461
783,1680619503312179,208921,882,243311,0,0,249.501
784,1680619503316203,208922,882,247318,0,0,248.509
785,1680619503320196,208923,882,251322,0,0,250.438
786,1680619503324200,208924,882,255329,0,0,249.750
787,1680619503328486,208925,882,259337,0,0,233.318
788,1680619503332460,208926,882,263341,0,0,251.636
789,1680619503336253,208927,882,267348,0,0,263.644
790,1680619503340490,208928,882,271355,0,0,236.016
791,1680619503344263,208929,882,275359,0,0,265.041
792,1680619503348253,208930,882,279366,0,0,250.627
793,1680619503352255,208931,882,283374,0,0,249.875
794,1680619503356551,208932,882,287378,0,0,232.775
795,1680619503360507,208933,882,291385,0,0,252.781
796,1680619503364299,208934,882,295392,0,0,263.713
797,1680619503368513,208935,882,299396,0,0,237.304
798,1680619503372304,208936,882,303403,0,0,263.783
799,1680619503376530,208937,882,307411,0,0,236.630
800,1680619503380316,208938,882,311415,0,0,264.131
801,1680619503384303,208939,882,315422,0,0,250.815
802,1680619503388311,208940,882,319429,0,0,249.501
803,1680619503392302,208941,882,323433,0,0,250.564
804,1680619503396317,208942,882,327440,0,0,249.066
805,1680619503400329,208943,882,331445,0,0,249.252
806,1680619503404348,208944,882,335452,0,0,248.818
807,1680619503408335,208945,882,339459,0,0,250.815
808,1680619503412336,208946,882,343463,0,0,249.938
809,1680619503416350,208947,882,347470,0,0,249.128
810,1680619503420358,208948,882,351477,0,0,249.501
811,1680619503424354,208949,882,355482,0,0,250.250
812,1680619503428360,208950,882,359489,0,0,249.626
813,1680619503432355,208951,882,363496,0,0,250.313
814,1680619503436390,208952,882,367500,0,0,247.831
815,1680619503440382,208953,882,371507,0,0,250.501
816,1680619503444387,208954,882,375514,0,0,249.688
817,1680619503448396,208955,882,379519,0,0,249.439
818,1680619503452390,208956,882,383526,0,0,250.376
819,1680619503456404,208957,882,387533,0,0,249.128
820,1680619503460414,208958,882,391537,0,0,249.377
821,1680619503464414,208959,882,395544,0,0,250.000
822,1680619503468427,208960,882,399551,0,0,249.190
823,1680619503472438,208961,882,403556,0,0,249.314
824,1680619503476403,208962,882,407563,0,0,252.207
825,1680619503480453,208963,882,411570,0,0,246.914
826,1680619503484447,208964,882,415574,0,0,250.376
827,1680619503488453,208965,882,419581,0,0,249.626
828,1680619503492455,208966,882,423586,0,0,249.875
829,1680619503496922,208967,882,427593,0,0,223.864
830,1680619503500463,208968,882,431600,0,0,282.406
831,1680619503504484,208969,882,435604,0,0,248.694
832,1680619503508472,208970,882,439611,0,0,250.752
833,1680619503512479,208971,882,443618,0,0,249.563
834,1680619503516480,208972,882,447623,0,0,249.938
835,1680619503520494,208973,882,451630,0,0,249.128
836,1680619503524497,208974,882,455637,0,0,249.813
837,1680619503528511,208975,882,459641,0,0,249.128
838,1680619503532515,208976,882,463648,0,0,249.750
839,1680619503536544,208977,882,467655,0,0,248.201
840,1680619503540531,208978,882,471660,0,0,250.815
841,1680619503544534,208979,882,475667,0,0,249.813
842,1680619503548537,208980,882,479674,0,0,249.813
843,1680619503552540,208981,882,483678,0,0,249.813
844,1680619503556833,208982,882,487685,0,0,232.937
845,1680619503560804,208983,882,491692,0,0,251.826
846,1680619503564913,208984,882,495697,0,0,243.368
847,1680619503568939,208985,882,499704,0,0,248.385
848,1680619503572938,208986,882,503711,0,0,250.063
849,1680619503576609,208987,882,507715,0,0,272.405
850,1680619503580604,208988,882,511722,0,0,250.313
851,1680619503584598,208989,882,515727,0,0,250.376
852,1680619503588612,208990,882,519734,0,0,249.128
853,1680619503592613,208991,882,523741,0,0,249.938
854,1680619503596955,208992,882,527745,0,0,230.309
855,1680619503600862,208993,882,531752,0,0,255.951
856,1680619503604991,208994,882,535759,0,0,242.189
857,1680619503608983,208995,882,539764,0,0,250.501
858,1680619503612996,208996,882,543771,0,0,249.190
859,1680619503617010,208997,882,547778,0,0,249.128
860,1680619503620664,208998,882,551782,0,0,273.673
861,1680619503624670,208999,882,555789,0,0,249.626
862,1680619503628665,209000,882,559796,0,0,250.313
863,1680619503632675,209001,882,563801,0,0,249.377
864,1680619503636698,209002,882,567808,0,0,248.571
865,1680619503640674,209003,882,571815,0,0,251.509
866,1680619503644701,209004,882,575819,0,0,248.324
867,1680619503648692,209005,882,579826,0,0,250.564
868,1680619503652695,209006,882,583833,0,0,249.813
869,1680619503656993,209007,882,587838,0,0,232.666
870,1680619503660962,209008,882,591845,0,0,251.953
871,1680619503664900,209009,882,595852,0,0,253.936
872,1680619503669070,209010,882,599856,0,0,239.808
873,1680619503672982,209011,882,603863,0,0,255.624
874,1680619503676709,209012,882,607870,0,0,268.312
875,1680619503681100,209013,882,611875,0,0,227.739
876,1680619503685105,209014,882,615882,0,0,249.688
877,1680619503689129,209015,882,619886,0,0,248.509
878,1680619503693144,209016,882,623893,0,0,249.066
879,1680619503697143,209017,882,627900,0,0,250.063
880,1680619503701155,209018,882,631905,0,0,249.252
881,1680619503704869,209019,882,635912,0,0,269.251
882,1680619503708818,209020,882,639919,0,0,253.229
883,1680619503712820,209021,882,643923,0,0,249.875
884,1680619503716835,209022,882,647930,0,0,249.066
885,1680619503720815,209023,882,651937,0,0,251.256
886,1680619503724813,209024,882,655942,0,0,250.125
887,1680619503728818,209025,882,659949,0,0,249.688
888,1680619503732814,209026,882,663956,0,0,250.250
889,1680619503736792,209027,882,667960,0,0,251.383
890,1680619503740832,209028,882,671967,0,0,247.525
891,1680619503744854,209029,882,675974,0,0,248.633
892,1680619503748850,209030,882,679979,0,0,250.250
893,1680619503752853,209031,882,683986,0,0,249.813
894,1680619503757162,209032,882,687993,0,0,232.072
895,1680619503760895,209033,882,691997,0,0,267.881
896,1680619503765210,209034,882,696004,0,0,231.750
897,1680619503769232,209035,882,700011,0,0,248.633
898,1680619503773236,209036,882,704016,0,0,249.750
899,1680619503777272,209037,882,708023,0,0,247.770
900,1680619503781259,209038,882,712027,0,0,250.815
901,1680619503784959,209039,882,716034,0,0,270.270
902,1680619503788967,209040,882,720041,0,0,249.501
903,1680619503792912,209041,882,724046,0,0,253.485
904,1680619503796921,209042,882,728053,0,0,249.439
905,1680619503800907,209043,882,732060,0,0,250.878
906,1680619503804975,209044,882,736064,0,0,245.821
907,1680619503808943,209045,882,740071,0,0,252.016
908,1680619503813234,209046,882,744078,0,0,233.046
909,1680619503817204,209047,882,748083,0,0,251.889
910,1680619503821327,209048,882,752090,0,0,242.542
911,1680619503824983,209049,882,756097,0,0,273.523
912,1680619503829323,209050,882,760101,0,0,230.415
913,1680619503833255,209051,882,764108,0,0,254.323
914,1680619503837366,209052,882,768115,0,0,243.250
915,1680619503841358,209053,882,772120,0,0,250.501
916,1680619503845275,209054,882,776127,0,0,255.297
917,1680619503849064,209055,882,780134,0,0,263.922
918,1680619503853050,209056,882,784138,0,0,250.878
919,1680619503857314,209057,882,788145,0,0,234.522
920,1680619503861300,209058,882,792152,0,0,250.878
921,1680619503865388,209059,882,796157,0,0,244.618
922,1680619503869409,209060,882,800164,0,0,248.694
923,1680619503873407,209061,882,804168,0,0,250.125
924,1680619503877422,209062,882,808175,0,0,249.066
925,1680619503881427,209063,882,812182,0,0,249.688
926,1680619503885443,209064,882,816187,0,0,249.004
927,1680619503889425,209065,882,820194,0,0,251.130
928,1680619503893113,209066,882,824201,0,0,271.150
929,1680619503897106,209067,882,828205,0,0,250.438
930,1680619503901118,209068,882,832212,0,0,249.252
931,1680619503905169,209069,882,836219,0,0,246.853
932,1680619503909122,209070,882,840224,0,0,252.972
933,1680619503913134,209071,882,844231,0,0,249.252
934,1680619503917137,209072,882,848238,0,0,249.813
935,1680619503921139,209073,882,852242,0,0,249.875
936,1680619503925153,209074,882,856249,0,0,249.128
937,1680619503929126,209075,882,860256,0,0,251.699
938,1680619503933138,209076,882,864261,0,0,249.252
939,1680619503937175,209077,882,868268,0,0,247.709
940,1680619503941191,209078,882,872275,0,0,249.004
941,1680619503945177,209079,882,876279,0,0,250.878
942,1680619503949538,209080,882,880286,0,0,229.305
943,1680619503953221,209081,882,884293,0,0,271.518
944,1680619503957547,209082,882,888298,0,0,231.160
945,1680619503961454,209083,882,892305,0,0,255.951
946,1680619503965554,209084,882,896309,0,0,243.902
947,1680619503969453,209085,882,900316,0,0,256.476
948,1680619503973552,209086,882,904323,0,0,243.962
949,1680619503977469,209087,882,908327,0,0,255.297
950,1680619503981577,209088,882,912335,0,0,243.427
951,1680619503985482,209089,882,916342,0,0,256.082
952,1680619503989578,209090,882,920346,0,0,244.141
953,1680619503993490,209091,882,924353,0,0,255.624
954,1680619503997984,209092,882,928360,0,0,222.519
955,1680619504001257,209093,882,932364,0,0,305.530
956,1680619504005618,209094,882,936372,0,0,229.305
957,1680619504009529,209095,882,940379,0,0,255.689
958,1680619504013625,209096,882,944383,0,0,244.141
959,1680619504017543,209097,882,948390,0,0,255.232
960,1680619504021643,209098,882,952397,0,0,243.902
961,1680619504025549,209099,882,956401,0,0,256.016
962,1680619504029650,209100,882,960409,0,0,243.843
963,1680619504033559,209101,882,964416,0,0,255.820
964,1680619504037680,209102,882,968420,0,0,242.660
965,1680619504041568,209103,882,972427,0,0,257.202
966,1680619504045677,209104,882,976434,0,0,243.368
967,1680619504049576,209105,882,980438,0,0,256.476
968,1680619504053347,209106,882,984446,0,0,265.182
969,1680619504057582,209107,882,988450,0,0,236.128
970,1680619504061588,209108,882,992457,0,0,249.626
971,1680619504065372,209109,882,996464,0,0,264.271
972,1680619504069350,209110,883,468,0,0,251.383
973,1680619504073362,209111,883,4475,0,0,249.252
974,1680619504077379,209112,883,8483,0,0,248.942
975,1680619504081374,209113,883,12487,0,0,250.313
976,1680619504085380,209114,883,16494,0,0,249.626
977,1680619504089634,209115,883,20501,0,0,235.073
978,1680619504093412,209116,883,24505,0,0,264.690
979,1680619504097370,209117,883,28512,0,0,252.653
980,1680619504101374,209118,883,32520,0,0,249.750
981,1680619504105632,209119,883,36524,0,0,234.852
982,1680619504109410,209120,883,40531,0,0,264.690
983,1680619504113689,209121,883,44538,0,0,233.699
984,1680619504117446,209122,883,48542,0,0,266.170
985,1680619504121438,209123,883,52549,0,0,250.501
986,1680619504125650,209124,883,56557,0,0,237.417
987,1680619504129446,209125,883,60561,0,0,263.435
988,1680619504133443,209126,883,64568,0,0,250.188
989,1680619504137481,209127,883,68575,0,0,247.647
990,1680619504141896,209128,883,72579,0,0,226.501
991,1680619504145444,209129,883,76586,0,0,281.849
992,1680619504149422,209130,883,80594,0,0,251.383
993,1680619504153427,209131,883,84598,0,0,249.688
994,1680619504157991,209132,883,88605,0,0,219.106
995,1680619504161458,209133,883,92609,0,0,288.434
996,1680619504165451,209134,883,96616,0,0,250.438
997,1680619504169705,209135,883,100623,0,0,235.073
998,1680619504173722,209136,883,104628,0,0,248.942
999,1680619504177538,209137,883,108635,0,0,262.055
